{
    "schema_classes": {
        "Hotel": 1007
    },
    "schema_classes_percentage": {
        "Hotel": 100.0
    },
    "schema_properties": {
        "url": 1007,
        "@context": 1007,
        "address": 1007,
        "priceRange": 1007,
        "description": 1007,
        "hasMap": 1007,
        "name": 1007,
        "@type": 1007,
        "image": 1007,
        "aggregateRating": 497
    },
    "schema_properties_percentage": {
        "url": 10.53347280334728,
        "@context": 10.53347280334728,
        "address": 10.53347280334728,
        "priceRange": 10.53347280334728,
        "description": 10.53347280334728,
        "hasMap": 10.53347280334728,
        "name": 10.53347280334728,
        "@type": 10.53347280334728,
        "image": 10.53347280334728,
        "aggregateRating": 5.198744769874477
    }
}