Class,Class Count,Class Percentage,Property,Property Count,Property Percentage
Hotel,1007,100.0,,,
,,,hasMap,1007,10.53347280334728
,,,url,1007,10.53347280334728
,,,address,1007,10.53347280334728
,,,priceRange,1007,10.53347280334728
,,,image,1007,10.53347280334728
,,,name,1007,10.53347280334728
,,,description,1007,10.53347280334728
,,,@context,1007,10.53347280334728
,,,@type,1007,10.53347280334728
,,,aggregateRating,497,5.198744769874477
